Service,API 5SIM
1688,1688
01slots,01slots
115com,115com
11exch,11exch
163com,163som
17live,17live
1kkirana,1kkirana
1mg,1mg
1q,1q
23red,23red
24u,24u
27asia,27asia
2dehands,2dehands
3031aecom,3031aecom
32red,32red
3d66,3d66
3fun,3fun
4fun,4fun
4lapy,4lapy
51ca,51ca
51exch,51exch
51game,51game
567slots,567slots
5696com,5696com
5eplay,5eplay
777ace,777ace
789jackpotsagent,789jackpotsagent
818code,818code
888casino,888casino
96in,96in
99acres,99acres
99app,99app
A23,a23
Aakash,aakash
Abasteceai,abasteceai
Abbott,abbott
Abvbg,abvbg
Ace2three,ace2three
Acko,acko
Adani,adani
Adda52,adda52
Adidas,adidas
Adverts,adverts
Agroinform,agroinform
Airbnb,airbnb
Airindia,airindia
Airtel,airtel
Airtime,airtime
Aitu,aitu
Ajio,ajio
Akelni,akelni
Alchemy,alchemy
Alfa,alfa
Alfagift,alfagift
Algida,algida
Alibaba,alibaba
Alibabacloud,alibabacloud
Aliexpress,aliexpress
Alibaba/Alipay/Taobao/1688,alipay
Allegro,allegro
Allofresh,allofresh
Allwin88,allwin88
Amasia,amasia
Amazon,amazon
Amio,amio
Amway,amway
Angelone,angelone
Aol,aol
Apollo,apollo
Appen,appen
Appinio,appinio
Apple,apple
Aptekaaprel,aptekaaprel
Aptekaru,aptekaru
Aptekiplus,aptekiplus
Aqualudo,aqualudo
Arihant,arihant
Arlens,arlens
Arvesi,arvesi
Asdarewards,asdarewards
Astraotoshop,astraotoshop
Astropay,astropay
Atlasearth,atlasearth
Attapoll,attapoll
Auchan,auchan
Aukro,aukro
Authy,authy
Autoru,autoru
Avinoil,avinoil
Avito,avito
Avon,avon
Avtor24,avtor24
Azar,azar
Azino,azino
B4ucabs,b4ucabs
Babuji,babuji
Badoo,badoo
Baidu,baidu
Baihe,baihe
Bajajfinserv,bajajfinserv
Bajajmarkets,bajajmarkets
Bananatok,bananatok
Band,band
Banqi,banqi
Batball11,batball11
Bazos,bazos
Bcgame,bcgame
Bearwww,bearwww
Bebeclub,bebeclub
Beboo,beboo
Beccric,beccric
Becharge,becharge
Beehiiv,beehiiv
Belwest,belwest
Benjamin,benjamin
Bereal,bereal
Berizaryad,berizaryad
Bestbuy,bestbuy
Bet365,bet365
Betadda,betadda
Betano,betano
Betfair,betfair
Betinin,betinin
Betteropinion,betteropinion
Betvet,betvet
Bharatpetroleum,bharatpetroleum
Biedronka,biedronka
Bigbasket,bigbasket
Bigbazaar,bigbazaar
Bigc,bigc
Bigolive,bigolive
Biketown,biketown
Bilderlings,bilderlings
Bilibili,bilibili
Billmill,billmill
Billu,billu
Binbin,binbin
Binmo,binmo
Bip,bip
Bisu,bisu
Bitaqaty,bitaqaty
Bitclout,bitclout
Bitlo,bitlo
Bittube,bittube
Blablacar,blablacar
Blankstreet,blankstreet
Blibli,blibli
Blinberry,blinberry
Blizzard,blizzard
Dropped-Call Verification,blockchain
Blued,blued
Bluesky,bluesky
Boddess,boddess
Boletomovil,boletomovil
Bolt,bolt
Bonnysrosasrewards,bonnysrosasrewards
Bookmyplayer,bookmyplayer
Boosty,boosty
Botim,botim
Boyaa,boyaa
Brand20ua,brand20ua
Brevo,brevo
Briilx,briilx
Bukalapak,bukalapak
Bumble,bumble
Burgerking,burgerking
Byjuslearning,byjuslearning
Bykea,bykea
Bylukz,bylukz
Byteplus,byteplus
Cabify,cabify
Cadbury,cadbury
Cadburyperk,cadburyperk
Cafebazaar,cafebazaar
Caixa,caixa
Caltexgo,caltexgo
Cardekho,cardekho
Careem,careem
Carousell,carousell
Carrefour,carrefour
Cashkaro,cashkaro
Cashmine,cashmine
Cashmypic,cashmypic
Casinoandfriends,casinoandfriends
Cathay,cathay
Ccghearts,ccghearts
Cdkeys,cdkeys
Cekkazan,cekkazan
Celebe,celebe
Centrum,centrum
Chaingefinance,chaingefinance
Chakrarewards,chakrarewards
Changyou,changyou
Chargepoint,chargepoint
Check24,check24
Chingari,chingari
Chispadatinglatinos,chispadatinglatinos
Chitaigorod,chitaigorod
Cian,cian
Cineplex,cineplex
Citaprevia,citaprevia
Citilink,citilink
Citybase,citybase
Citymall,citymall
Citymobil,citymobil
Classicrummy,classicrummy
Classpass,classpass
ClaudeAI/Anthropic,claudeai
Cleartrip,cleartrip
Clickentregas,clickentregas
Cliqq,cliqq
Cloudbet,cloudbet
Clubcinepolis,clubcinepolis
Clubhouse,clubhouse
Cmtcuzdan,cmtcuzdan
Cocacola,cocacola
Coffeelike,coffeelike
Coffeemeetsbagel,coffeemeetsbagel
Coinbase,coinbase
Coindcx,coindcx
Coinfantasy,coinfantasy
Coinswitchkuber,coinswitchkuber
Cokfiight,cokfiight
Collabact,collabact
Collectionpot,collectionpot
Comeon,comeon
Communitygaming,communitygaming
Compscicenter,compscicenter
Confirmtkt,confirmtkt
Connecting,connecting
Consultant,consultant
Continente,continente
Costar,costar
Countrydelight,countrydelight
Coursehero,coursehero
Coze,coze
Craigslist,craigslist
Crickpe,crickpe
Cricplus,cricplus
Crumblcookies,crumblcookies
Cryptocom,cryptocom
Csair,csair
Dagangan,dagangan
Dainikbhaskar,dainikbhaskar
Daki,daki
Damai,damai
Damanbet,damanbet
Dana,dana
Daraz,daraz
Daritlegko,daritlegko
Darksideshaurma,darksideshaurma
Dbworld,dbworld
Dealshare,dealshare
Deepseek,deepseek
Deerika,deerika
Deliveroo,deliveroo
Delivery,delivery
Dent,dent
Depop,depop
Detskijmir,detskijmir
Dewupoizon,dewupoizon
Dhani,dhani
Didi,didi
Digikala,digikala
Dikidi,dikidi
Dilmil,dilmil
Dingtalk,dingtalk
Discord,discord
Discoverhongkong,discoverhongkong
Disneyhotstar,disneyhotstar
Divar,divar
Dixy,dixy
Dmart,dmart
Dobrostroy,dobrostroy
Dodopizza,dodopizza
Domdara,domdara
Dominate11,dominate11
Dominospizza,dominospizza
Donedeal,donedeal
Doordash,doordash
Doorverse,doorverse
Dosi,dosi
Dostavista,dostavista
Dott,dott
Douyu,douyu
Dream11,dream11
Drom,drom
Drugvokrug,drugvokrug
Drumo,drumo
Ds88hk,ds88hk
Dtlottery,dtlottery
Dukascopy,dukascopy
Dundle,dundle
Dunzo,dunzo
E2zstore,e2zstore
Earnbox,earnbox
Earneasy,earneasy
Easypay,easypay
Eatclub,eatclub
Eatsure,eatsure
Ebay,ebay
Ebikegewinnspiel,ebikegewinnspiel
Ecoplatformru,ecoplatformru
Edgeless,edgeless
Edufund,edufund
Efood,efood
Egopensooq,egopensooq
Eklottery,eklottery
Elante,elante
Eldorado,eldorado
Electroneum,electroneum
Eleme,eleme
Eliteludo,eliteludo
Emag,emag
Eneba,eneba
Energo,energo
Epicgames,epicgames
Escapefromtarkov,escapefromtarkov
Etmall,etmall
Etsy,etsy
Eureka,eureka
Eventbrite,eventbrite
Ewargames,ewargames
Exchange22,exchange22
Eyemyeye,eyemyeye
Ezbuy,ezbuy
Ezmall,ezmall
Faberlic,faberlic
Facebook,facebook
Faceit,faceit
Fairtiq,fairtiq
Fairwood,fairwood
Fambase,fambase
Familia,familia
Fan2play,fan2play
Fanclash,fanclash
Fancode,fancode
Fancrypt,fancrypt
Fantasycricket,fantasycricket
Farmcare,farmcare
Farpost,farpost
Fastmail,fastmail
Fastwin,fastwin
Fave,fave
Feeld,feeld
Feels,feels
Feetfinder,feetfinder
Fengsehuanxiang,fengsehuanxiang
Fetchrewards,fetchrewards
Fiegame,fiegame
Fiqsy,fiqsy
Firstcry,firstcry
Firstgame,firstgame
Fishfin,fishfin
Fiverr,fiverr
Fivesurveys,fivesurveys
Flam,flam
Flash,flash
Flexpay,flexpay
Flextv,flextv
Flink,flink
Flipkart,flipkart
Flipshope,flipshope
Flowwow,flowwow
Flypgs,flypgs
Foodhub,foodhub
Foodora,foodora
Foodpanda,foodpanda
Foody,foody
Footdistrict,footdistrict
Fora,fora
Forecoffee,forecoffee
Fortunask,fortunask
Forwarding,forwarding
Fotocasa,fotocasa
Fotostrana,fotostrana
Foxfordru,foxfordru
Freecharge,freecharge
Freelancercom,freelancercom
Freenow,freenow
Freeup,freeup
Freshkarta,freshkarta
Freshtohome,freshtohome
Friendtech,friendtech
Frizza,frizza
Fruitz,fruitz
Fun88,fun88
Funexch,funexch
Funpay,funpay
Fyda,fyda
G2acom,g2acom
G2g,g2g
Gabi,gabi
Gailsbakery,gailsbakery
Galaxy,galaxy
Galaxywin,galaxywin
Game88hk,game88hk
Gamearena,gamearena
Gameboy88,gameboy88
Gameflip,gameflip
Gamekit,gamekit
Gamer,gamer
Gamerji,gamerji
Gamezy,gamezy
Gaode,gaode
Gappx,gappx
Garena,garena
Gazpromneft/GpnBonus,gazpromneft
Gcxmemberservices,gcxmemberservices
Geekay,geekay
Gemgala,gemgala
Gemini,gemini
Gener8,gener8
Get,get
Getcourse,getcourse
Getir,getir
Getninjas,getninjas
Getplus,getplus
Getresponse,getresponse
Gett,gett
Gfkcom,gfkcom
Gg,gg
Gg88hk,gg88hk
Gg88win,gg88win
Gghasia,gghasia
Ggpoker,ggpoker
Gigicoffee,gigicoffee
Giottus,giottus
Gittigidiyor,gittigidiyor
Global24,global24
Globus,globus
Glovo,glovo
Glowroad,glowroad
Gmng,gmng
Gmngjourney,gmngjourney
Gmx,gmx
Goawin,goawin
Gochat,gochat
Gofundme,gofundme
Gogotrux,gogotrux
Gojek,gojek
Goldapple,goldapple
Goods,goods
Goodworker,goodworker
Google/YouTube,google
Googlevoice,googlevoice
Gopuff,gopuff
Gordan,gordan
Gorodtroika,gorodtroika
Gosats,gosats
Grabtaxi,grabtaxi
Grailed,grailed
Green,green
Greggs,greggs
Grindr,grindr
Grofers,grofers
Groupme,groupme
Guicheweb,guicheweb
Gurubets,gurubets
Guzmanygomez,guzmanygomez
Gyftr,gyftr
Hamrahaval,hamrahaval
Handypick,handypick
Handyticket,handyticket
Hapi,hapi
Happn,happn
Happygame,happygame
Haraj,haraj
Hayxiaoeyu,hayxiaoeyu
Healthandglow,healthandglow
Healthians,healthians
Hellotalk,hellotalk
Hepsiburadacom,hepsiburadacom
Hermes,hermes
Heybox,heybox
Hezzl,hezzl
Hhru,hhru
Hily,hily
Hinge,hinge
Hirect,hirect
Hkgames88,hkgames88
Hktvmall,hktvmall
Hobigames,hobigames
Hohoro,hohoro
Home4us,home4us
Honda,honda
Hongguoduanju,hongguoduanju
Hopbike,hopbike
Hopi,hopi
Hopper,hopper
Hotel101,hotel101
Hotline,hotline
Hotmail,hotmail
Housing,housing
Howzat,howzat
Hqtrivia,hqtrivia
Huawei,huawei
Hubble,hubble
Huggies,huggies
Humblebundle,humblebundle
Humta,humta
Hungerstation,hungerstation
Hungrypanda,hungrypanda
Huya,huya
Ibet,ibet
Icard,icard
Icecasino,icecasino
Icicidirect,icicidirect
Icq,icq
Idealhome,idealhome
Idealista,idealista
Idolchamp,idolchamp
Ifood,ifood
Igamebuy,igamebuy
Immoscout24,immoscout24
Immowelt,immowelt
Imo,imo
Inboxlv,inboxlv
Indane,indane
Indbingo,indbingo
Indiamart,indiamart
Indianoil,indianoil
Indiaplays,indiaplays
Indiapolls,indiapolls
Indibet,indibet
Indomaret,indomaret
Indriver,indriver
Infinitepay,infinitepay
Infomaniak,infomaniak
Ininal,ininal
Inshallah,inshallah
Instacart,instacart
Instagram/Threads,instagram
Intertop,intertop
Intoverse,intoverse
Investro,investro
Iost,iost
Iplin9,iplin9
Iplum,iplum
Ipsosisay,ipsosisay
Iqiyi,iqiyi
Iqos,iqos
Irctc,irctc
Iviru,iviru
Iwplay,iwplay
Jaco,jaco
Jagocoffee,jagocoffee
Jamesdelivery,jamesdelivery
Jbhifi,jbhifi
Jd,jd
Jeet11,jeet11
Jili567,jili567
Jiliwinner,jiliwinner
Jiocinema,jiocinema
Jiomart,jiomart
Jivapetani,jivapetani
Jjbet,jjbet
Jkf,jkf
Jkjoker,jkjoker
Joymall,joymall
Joyride,joyride
Jungleepoker,jungleepoker
Jungleerummy,jungleerummy
Junio,junio
Justdating,justdating
Justdial,justdial
Justeat,justeat
Kaggle,kaggle
Kaidee,kaidee
Kakaotalk,kakaotalk
Kalppmart,kalppmart
Kalyanmatrimony,kalyanmatrimony
Kamatera,kamatera
Karrot,karrot
Karusel,karusel
Kazandirio,kazandirio
Kazanexpress/Магнит Маркет,kazanexpress
Keeta,keeta
Kerastase,kerastase
Keybase,keybase
Keypay,keypay
Kfc,kfc
Kgen,kgen
Khelplayrummy,khelplayrummy
Khelraja,khelraja
Khiladi,khiladi
Kingpet,kingpet
Kisma,kisma
Kktix,kktix
Kolesakz,kolesakz
Komandacard,komandacard
Koo,koo
Kopikenangan,kopikenangan
Korablik,korablik
Koshelek,koshelek
Kotak811,kotak811
Kpnfarmfresh,kpnfarmfresh
Krummyplus,krummyplus
Krutrim,krutrim
Kucoinplay,kucoinplay
Kufarby,kufarby
Kukhnya,kukhnya
Kukufm,kukufm
Kvartplata,kvartplata
Kwai,kwai
Kwiff,kwiff
Lakme,lakme
Lalamove,lalamove
Lamoda,lamoda
Laposte,laposte
Lazada,lazada
Lbry,lbry
Leboncoin,leboncoin
Legeropinion,legeropinion
Lenskart,lenskart
Lenta,lenta
Leolist,leolist
Leonbets,leonbets
Leosport,leosport
Leroymerlin/Lemanapro,leroymerlin
Л’Этуаль,letual
Lgcom,lgcom
Lianxin,lianxin
Licious,licious
Lidl,lidl
Lightchat,lightchat
Lightningai,lightningai
Likee,likee
Lilibet,lilibet
Limeroad,limeroad
Line,line
Liniilubvi,liniilubvi
Linkedin,linkedin
Lionparcel,lionparcel
Livescore,livescore
Livu,livu
Lizol,lizol
Locoff,locoff
Locogg,locogg
Loloo,loloo
Loreal,loreal
Lotoclub,lotoclub
Lotus365,lotus365
Lovelocal,lovelocal
Loveru,loveru
Lovoo,lovoo
Luck,luck
Luckyclub,luckyclub
Ludosupreme,ludosupreme
Lukoil,lukoil
Lybrate,lybrate
Lyft,lyft
Lyka,lyka
Macauticket,macauticket
Madslots,madslots
Magicbricks,magicbricks
Magicpin,magicpin
Magnit,magnit
Magnolia,magnolia
Mailru,mailru
Makemoney (букмекерские),makemoney
Maksavit,maksavit
Mamba/Wamba,mamba
Mangot5,mangot5
Mani777games,mani777games
Mantrimall,mantrimall
Maplesea,maplesea
Marketguru,marketguru
Marktplaats,marktplaats
Marlboro,marlboro
Maxim,maxim
Mbmbet,mbmbet
McDonalds/Vkusnoitochka,mcdonalds
Medibuddy,medibuddy
Meeff,meeff
Meesho,meesho
Meetme,meetme
Mega,mega
Megogo,megogo
Meiqfashion,meiqfashion
Meliuz,meliuz
Meragaon,meragaon
Mercado,mercado
Mercari,mercari
Meta,meta
Metro,metro
Mewt,mewt
Michat,michat
Microsoft,microsoft
Midnite,midnite
Mihuashi,mihuashi
Millenation,millenation
Miloan,miloan
Minima,minima
Miratorg,miratorg
Miravia,miravia
Mirkvestov,mirkvestov
Mistralai,mistralai
Mkmbet,mkmbet
Mobikwik,mobikwik
Mobile01,mobile01
Mocospace,mocospace
Momo,momo
Monese,monese
Monoapp,monoapp
Monobank,monobank
Monsterenergy,monsterenergy
Monta,monta
More,more
Morinaga,morinaga
Mosgram,mosgram
Mosru,mosru
Motorkux,motorkux
Moveit,moveit
Mpanels,mpanels
Mpboost,mpboost
Mpl,mpl
Mpstats,mpstats
Mrgreen,mrgreen
Mrsool,mrsool
Mtscashback,mtscashback
Muzz,muzz
Mvideo,mvideo
My11circle,my11circle
Myata,myata
Myfab11,myfab11
Myfishka,myfishka
Mygames,mygames
Myglo,myglo
Myhpgas,myhpgas
Myjar,myjar
Mylavash,mylavash
Mylove,mylove
Mymusictaste,mymusictaste
Myntra,myntra
Myshopprime,myshopprime
Mystore,mystore
Myteam11,myteam11
Myvalue,myvalue
Mzadqatar,mzadqatar
Nammayatri,nammayatri
Nana,nana
Nandos,nandos
Nativecamp,nativecamp
Naukri,naukri
Naver,naver
Ncsoft,ncsoft
Neftm,neftm
Netease,netease
Netflix,netflix
Netmarble,netmarble
Nextdoor,nextdoor
Nham24,nham24
Nhseven,nhseven
Nice88,nice88
Nifty,nifty
Nike,nike
Nimo,nimo
Nimses,nimses
Njuskalo,njuskalo
Nloto,nloto
Nobroker,nobroker
Noon,noon
Novaposhta,novaposhta
Novibet,novibet
Nrjmusicawards,nrjmusicawards
Nttgame,nttgame
Nurturefarm,nurturefarm
Nykaa,nykaa
Odds96,odds96
Odnoklassniki,odnoklassniki
Offerup,offerup
Offgamers,offgamers
Okcupid,okcupid
Okey,okey
Okta,okta
Olacabs,olacabs
Ollis,ollis
Olx,olx
Omi,omi
Omoda,omoda
Oneforma,oneforma
Onet,onet
Onlinerby,onlinerby
Ontaxi,ontaxi
Opapstore,opapstore
OpenAI/ChatGPT,openai
Openphone,openphone
Openpoint,openpoint
Opera,opera
Oraclecloud,oraclecloud
Oreo,oreo
Oreocricket,oreocricket
Oriflame,oriflame
Other,other
Otipy,otipy
Otovinn,otovinn
Otzovikcom,otzovikcom
Outlier,outlier
Oyo,oyo
Ozan,ozan
Ozon,ozon
Pacificcoffee,pacificcoffee
Paddypower,paddypower
Pairs,pairs
Panelstation,panelstation
Panvel,panvel
Papaen,papaen
Papara,papara
Paperspace,paperspace
Parimatch,parimatch
Paxful,paxful
Payberry,payberry
Paybis,paybis
Paycell,paycell
Paypal,paypal
Paysafecard,paysafecard
Paysend,paysend
Payzapp,payzapp
Pearbee,pearbee
Pelago,pelago
Peoplecom,peoplecom
Perekrestok,perekrestok
Pgbonus,pgbonus
Phable,phable
Pharmeasy,pharmeasy
Phocketcharge,phocketcharge
Phoenix,phoenix
Picpay,picpay
Pinduoduo,pinduoduo
Pingpong,pingpong
Pivko24,pivko24
Pixels,pixels
Pizzahut,pizzahut
Playerauctions,playerauctions
Playerzpot,playerzpot
Playrummy,playrummy
Playship,playship
Playtento,playtento
Plnmobile,plnmobile
Pochtarossii,pochtarossii
Pocket52,pocket52
Pocketludo,pocketludo
Podrygka,podrygka
Pof,pof
Poikey,poikey
Pokec,pokec
Pokercircle,pokercircle
Pokermaster,pokermaster
Pokersaints,pokersaints
Polo,polo
Poparide,poparide
Porter,porter
Poshmark,poshmark
Potato,potato
Powerkredite,powerkredite
Prajmeriz2020,prajmeriz2020
Premierone,premierone
Premiumone,premiumone
Premmia,premmia
Prenagen,prenagen
Probo,probo
Profi,profi
Prom,prom
Proton,proton
Protonmail,protonmail
Proxy302,proxy302
Psbmarket,psbmarket
Pubg,pubg
Publi24,publi24
Publix,publix
Pureplatfrom,pureplatfrom
Purpllecom,purpllecom
Pyaterochka/x5id,pyaterochka
Pyromusic,pyromusic
Q12trivia,q12trivia
Qantas,qantas
Qbet,qbet
Qiwiwallet,qiwiwallet
Qoo10,qoo10
Qrme,qrme
Quack,quack
Quikr,quikr
Quipp,quipp
Qumpara,qumpara
Radquest,radquest
Rainmaker,rainmaker
Rakuten,rakuten
Rambler,rambler
Rapido,rapido
Rappi,rappi
Razer,razer
Rbt,rbt
Real11,real11
Realresearcher,realresearcher
Redbook,redbook
Redbubble,redbubble
Redbus,redbus
Reddit,reddit
Rediffmail,rediffmail
Reelskit,reelskit
Religare,religare
Remotasks,remotasks
Reuse,reuse
Revoltmotors,revoltmotors
Revolut,revolut
Richkart,richkart
Ride,ride
Ridery,ridery
Ring,ring
Ripkord,ripkord
Рив Гош,rivegauche
Roblox,roblox
Rocketreach,rocketreach
Rooter,rooter
Roposo,roposo
Rosakhutor,rosakhutor
Rover,rover
Royalwin,royalwin
Rozetka,rozetka
Rozrummy,rozrummy
Rsa,rsa
Rublevskiy,rublevskiy
Rummy,rummy
Rummybloc,rummybloc
Rummycircle,rummycircle
Rummyculture,rummyculture
Rummyjacks,rummyjacks
Rummyleader,rummyleader
Rummyloot,rummyloot
Rummymars,rummymars
Rummymoment,rummymoment
Rummymost,rummymost
Rummyola,rummyola
Rummytime,rummytime
Rummyvip,rummyvip
Rummywealth,rummywealth
Rummyyes,rummyyes
Rush,rush
Rutube,rutube
Ryde,ryde
Sahicoin,sahicoin
Salt,salt
Samokat,samokat
Samsungshop,samsungshop
Sapo,sapo
Sberhealth,sberhealth
Sbermarket/KUPER,sbermarket
Sbermegamarket,sbermegamarket
Scruff,scruff
Seamlessai,seamlessai
Seated,seated
Segari,segari
Sellmonitor,sellmonitor
Sendinblue,sendinblue
Sendwave,sendwave
Seosprint,seosprint
Serpapi,serpapi
Servexplus,servexplus
Servify,servify
Seznam,seznam
Sharechat,sharechat
Shareparty,shareparty
Sheerid,sheerid
Shein,shein
Shellbox,shellbox
Shikhar,shikhar
Shinebrandseeds,shinebrandseeds
Shokoladnitsa,shokoladnitsa
Shop101,shop101
Shopee,shopee
Shopify,shopify
Shpock,shpock
Signal,signal
Sikayetvar,sikayetvar
Sikka,sikka
Siply,siply
Sisal,sisal
Sixer11,sixer11
Skelbiu,skelbiu
Skout,skout
Skrill,skrill
Skype,skype
Smilesuae,smilesuae
Smitten,smitten
Smotreshka,smotreshka
Snapchat,snapchat
Snapdeal,snapdeal
Snappfood,snappfood
Sneakerboy,sneakerboy
Sneakersnstuff,sneakersnstuff
Snkrdunk,snkrdunk
Socios,socios
Sokolov,sokolov
Sonyliv,sonyliv
Soop,soop
Sorare,sorare
Soulapp,soulapp
Spade365,spade365
Spar,spar
Sparkdriver,sparkdriver
Spartanpoker,spartanpoker
Spin101,spin101
Spin777,spin777
Spincrush,spincrush
Sportgully,sportgully
Sportmaster,sportmaster
Sportsbuzz11,sportsbuzz11
Spothit,spothit
Spotify,spotify
Sprite,sprite
Sravni,sravni
Srgame,srgame
Ssoidnet,ssoidnet
Stan,stan
Starchatsite,starchatsite
Starofluck,starofluck
Starquik,starquik
Start,start
Steam,steam
Steemit,steemit
Stockydodo,stockydodo
Stolle,stolle
Stoloto,stoloto
Studyiq,studyiq
Subito,subito
Sugarwallet,sugarwallet
Sunlight,sunlight
Sunrent,sunrent
Superbet,superbet
Supercell,supercell
Supercom,supercom
Superwalk,superwalk
Suprdaily,suprdaily
Surveoo,surveoo
Surveyjunkie,surveyjunkie
Surveyon,surveyon
Surveytime,surveytime
Suzuki,suzuki
Svip3patti,svip3patti
Svip777,svip777
Swagbucks,swagbucks
Swiggy,swiggy
Switips,switips
Swvl,swvl
Synottip,synottip
Taimi,taimi
Tajrummy,tajrummy
Taker,taker
Taki,taki
Taksheel,taksheel
Talabat,talabat
Tamtam,tamtam
Tango,tango
Tantan,tantan
Taobao,taobao
Taprummy,taprummy
Taskdealsin,taskdealsin
Tatacliq,tatacliq
Tatacliqpalette,tatacliqpalette
Tataneu,tataneu
Tatneft,tatneft
Tauruscash,tauruscash
Tdtes,tdtes
Tealive,tealive
Teamoru,teamoru
Techxr,techxr
Teenpattigo,teenpattigo
Teenpattijoy,teenpattijoy
Teenpattimaster,teenpattimaster
Teenpattistarpro,teenpattistarpro
Teenpattiyes,teenpattiyes
Telegram,telegram
Temtemone,temtemone
Temu,temu
Tencentqq,tencentqq
Tenchat,tenchat
Terd,terd
Teremok,teremok
Theconcert,theconcert
Thefork,thefork
Thehaat,thehaat
Theoremreach,theoremreach
Thinkacademy,thinkacademy
Thisfate,thisfate
Thisshop,thisshop
Thxapp,thxapp
Ticketmaster,ticketmaster
Ticketone,ticketone
Tier,tier
Tigergames,tigergames
Tiktok/Douyin,tiktok
Timesprime,timesprime
Tinder,tinder
Tipsportgamechanger,tipsportgamechanger
Tiptapp,tiptapp
Tiptip,tiptip
Tlzsl,tlzsl
Todaybet,todaybet
Tokopedia,tokopedia
Tokyocity,tokyocity
Tomorocoffe,tomorocoffe
Tongchengtravel,tongchengtravel
Topdetal,topdetal
Topgun,topgun
Toprun,toprun
Tosla,tosla
Totalcoin,totalcoin
Totalpass,totalpass
Touchance,touchance
Toutiao,toutiao
Towngas,towngas
Tradexmarket,tradexmarket
Tradingleagues,tradingleagues
Tradingview,tradingview
Trendagent,trendagent
Trendyol,trendyol
Tricket,tricket
Trip,trip
Truecaller,truecaller
Truefan,truefan
Truemeds,truemeds
Truthsocial,truthsocial
Tujia,tujia
Tuul,tuul
Tvil,tvil
Tvsmotor,tvsmotor
Twelfthman,twelfthman
Twitch,twitch
Twitter,twitter
Txtsignal,txtsignal
Uber,uber
Ubisoft,ubisoft
Uklon,uklon
Ukrnet,ukrnet
Ultragaz,ultragaz
Ulybkaradugi,ulybkaradugi
Unacademy,unacademy
Unitedworldinstituteofdesign,unitedworldinstituteofdesign
Unityexch,unityexch
Universalbeijingresort,universalbeijingresort
Unni,unni
Unocoin,unocoin
Upland,upland
Uploaded,uploaded
Upwork,upwork
Uralavia,uralavia
Userlyticssecurity,userlyticssecurity
Uteka,uteka
Utkonos,utkonos
Uu163,uu163
Varus,varus
Vedantu,vedantu
Velobike,velobike
Venmo,venmo
Vercel,vercel
Verifykit,verifykit
Vernyi,vernyi
Vernyj,vernyj
Verse,verse
Vezet,vezet
Vfcity,vfcity
Vfsglobal,vfsglobal
Viber,viber
Vidio,vidio
Vinita,vinita
Vinota,vinota
Vinted,vinted
Vip3patti,vip3patti
Vipvending,vipvending
Vishalmegamart,vishalmegamart
Vitajekspress,vitajekspress
Vkontakte,vkontakte
Vkusvill,vkusvill
Vlife,vlife
Vmeste,vmeste
Voggt,voggt
Voi,voi
Voopee,voopee
Vscric,vscric
Vseinstrumenti,vseinstrumenti
Vsesmart,vsesmart
Wahanahonda,wahanahonda
Walmart,walmart
Wanmeigames,wanmeigames
Warpcast,warpcast
Washxpress,washxpress
Watcho,watcho
Watermelonvideo,watermelonvideo
Watsons,watsons
Watsonswaterdropsoffun,watsonswaterdropsoffun
Waug,waug
Weareher,weareher
Webde,webde
Wechat,wechat
Weibo,weibo
Weidian,weidian
Weku,weku
Wellify,wellify
Welocalize,welocalize
Wepoker,wepoker
Weststein,weststein
Weverse,weverse
Whatnot,whatnot
Whatsapp,whatsapp
Whoosh,whoosh
Wildberries,wildberries
Willhaben,willhaben
Win33ww,win33ww
Win369,win369
Winds,winds
Winee3,winee3
Winelab,winelab
Winfortune,winfortune
Wingmoney,wingmoney
Wink,wink
Winston,winston
Winzo,winzo
Wise,wise
Wish,wish
Wizely,wizely
Wmaraci,wmaraci
Wolt,wolt
Wondermart,wondermart
Woohoo,woohoo
Wykoppl,wykoppl
Wynk,wynk
Xhsapp,xhsapp
Xianyu,xianyu
Xiaomi,xiaomi
Ximalaya,ximalaya
Xingchengonline,xingchengonline
Xumo,xumo
Xunyou,xunyou
Yaay,yaay
Yahoo,yahoo
Yalla,yalla
Yamiyami,yamiyami
Yandex,yandex
Yango,yango
Yappy,yappy
Yarabodega,yarabodega
Yemeksepeti,yemeksepeti
Yikyak,yikyak
Yindii,yindii
Yocket,yocket
Yolo247,yolo247
Yongshiwangluo,yongshiwangluo
Yonogames,yonogames
Yonorummy,yonorummy
Yonoslots,yonoslots
Yorkbbs,yorkbbs
Yoshinoya,yoshinoya
Youdo,youdo
Yougotagift,yougotagift
Youla,youla
Youpin898,youpin898
Youstar,youstar
Yoyovoicechat,yoyovoicechat
Yubo,yubo
Yuewen,yuewen
Zalo,zalo
Zasilkovna,zasilkovna
Zcity,zcity
Zdorov,zdorov
Zebpay,zebpay
Zedelivery,zedelivery
Zepto,zepto
Zero2,zero2
Zhihu,zhihu
Ziglu,ziglu
Zingbus,zingbus
Zoho,zoho
Zolushka,zolushka
Zomato,zomato
Zoominfo,zoominfo
Zupee,zupee
Zuscoffee,zuscoffee
